{"polyfill":["/polyfill-bb6c5223d96fc08e1d37.js"],"app":["/app-a07b102846d6fef9664f.js"],"component---cache-caches-gatsby-plugin-offline-app-shell-js":["/component---cache-caches-gatsby-plugin-offline-app-shell-js-50fcc746a3b9bd6c1224.js"],"component---src-pages-404-js":["/component---src-pages-404-js-ea9dbac9335177222f05.js"],"component---src-pages-archive-js":["/component---src-pages-archive-js-a1ba78062f1e48e830d4.js"],"component---src-pages-index-js":["/component---src-pages-index-js-992132acfba18d77ea3d.js"],"component---src-pages-pensieve-index-js":["/component---src-pages-pensieve-index-js-ec8b4e8bddaa76b64aeb.js"],"component---src-pages-pensieve-tags-js":["/component---src-pages-pensieve-tags-js-88669575029ad9b3153d.js"],"component---src-templates-post-js":["/component---src-templates-post-js-8ef13552bbfa6649e4b0.js"],"component---src-templates-tag-js":["/component---src-templates-tag-js-6168a2554ff5ae6f864d.js"]}