{"namedChunkGroups":{"polyfill":{"name":"polyfill","assets":[{"name":"webpack-runtime-0f80a860882bd82b3555.js","size":4217},{"name":"polyfill-bb6c5223d96fc08e1d37.js","size":94167}],"filteredAssets":0,"assetsSize":98384,"filteredAuxiliaryAssets":2,"auxiliaryAssetsSize":270999},"app":{"name":"app","assets":[{"name":"webpack-runtime-0f80a860882bd82b3555.js","size":4217},{"name":"framework-aa35e29fbb74d6100667.js","size":129901},{"name":"app-a07b102846d6fef9664f.js","size":72923}],"filteredAssets":0,"assetsSize":207041,"filteredAuxiliaryAssets":3,"auxiliaryAssetsSize":661627},"component---cache-caches-gatsby-plugin-offline-app-shell-js":{"name":"component---cache-caches-gatsby-plugin-offline-app-shell-js","assets":[{"name":"component---cache-caches-gatsby-plugin-offline-app-shell-js-50fcc746a3b9bd6c1224.js","size":495}],"filteredAssets":0,"assetsSize":495,"filteredAuxiliaryAssets":1,"auxiliaryAssetsSize":1629},"component---src-pages-404-js":{"name":"component---src-pages-404-js","assets":[{"name":"546641dfde76ed00139ea2c3eae09499c5f2164a-1a3dffbaa3b6754bea4a.js","size":231625},{"name":"component---src-pages-404-js-ea9dbac9335177222f05.js","size":1535}],"filteredAssets":0,"assetsSize":233160,"filteredAuxiliaryAssets":22,"auxiliaryAssetsSize":1362083},"component---src-pages-archive-js":{"name":"component---src-pages-archive-js","assets":[{"name":"546641dfde76ed00139ea2c3eae09499c5f2164a-1a3dffbaa3b6754bea4a.js","size":231625},{"name":"component---src-pages-archive-js-a1ba78062f1e48e830d4.js","size":3777}],"filteredAssets":0,"assetsSize":235402,"filteredAuxiliaryAssets":22,"auxiliaryAssetsSize":1368430},"component---src-pages-index-js":{"name":"component---src-pages-index-js","assets":[{"name":"546641dfde76ed00139ea2c3eae09499c5f2164a-1a3dffbaa3b6754bea4a.js","size":231625},{"name":"component---src-pages-index-js-992132acfba18d77ea3d.js","size":597}],"filteredAssets":0,"assetsSize":232222,"filteredAuxiliaryAssets":22,"auxiliaryAssetsSize":1359776},"component---src-pages-pensieve-index-js":{"name":"component---src-pages-pensieve-index-js","assets":[{"name":"546641dfde76ed00139ea2c3eae09499c5f2164a-1a3dffbaa3b6754bea4a.js","size":231625},{"name":"component---src-pages-pensieve-index-js-ec8b4e8bddaa76b64aeb.js","size":9183}],"filteredAssets":0,"assetsSize":240808,"filteredAuxiliaryAssets":22,"auxiliaryAssetsSize":1395191},"component---src-pages-pensieve-tags-js":{"name":"component---src-pages-pensieve-tags-js","assets":[{"name":"546641dfde76ed00139ea2c3eae09499c5f2164a-1a3dffbaa3b6754bea4a.js","size":231625},{"name":"component---src-pages-pensieve-tags-js-88669575029ad9b3153d.js","size":6768}],"filteredAssets":0,"assetsSize":238393,"filteredAuxiliaryAssets":22,"auxiliaryAssetsSize":1390617},"component---src-templates-post-js":{"name":"component---src-templates-post-js","assets":[{"name":"546641dfde76ed00139ea2c3eae09499c5f2164a-1a3dffbaa3b6754bea4a.js","size":231625},{"name":"component---src-templates-post-js-8ef13552bbfa6649e4b0.js","size":7356}],"filteredAssets":0,"assetsSize":238981,"filteredAuxiliaryAssets":22,"auxiliaryAssetsSize":1391583},"component---src-templates-tag-js":{"name":"component---src-templates-tag-js","assets":[{"name":"546641dfde76ed00139ea2c3eae09499c5f2164a-1a3dffbaa3b6754bea4a.js","size":231625},{"name":"component---src-templates-tag-js-6168a2554ff5ae6f864d.js","size":7325}],"filteredAssets":0,"assetsSize":238950,"filteredAuxiliaryAssets":22,"auxiliaryAssetsSize":1392678}},"assetsByChunkName":{"polyfill":["webpack-runtime-0f80a860882bd82b3555.js","polyfill-bb6c5223d96fc08e1d37.js"],"app":["webpack-runtime-0f80a860882bd82b3555.js","framework-aa35e29fbb74d6100667.js","app-a07b102846d6fef9664f.js"],"component---cache-caches-gatsby-plugin-offline-app-shell-js":["component---cache-caches-gatsby-plugin-offline-app-shell-js-50fcc746a3b9bd6c1224.js"],"component---src-pages-404-js":["546641dfde76ed00139ea2c3eae09499c5f2164a-1a3dffbaa3b6754bea4a.js","component---src-pages-404-js-ea9dbac9335177222f05.js"],"component---src-pages-archive-js":["546641dfde76ed00139ea2c3eae09499c5f2164a-1a3dffbaa3b6754bea4a.js","component---src-pages-archive-js-a1ba78062f1e48e830d4.js"],"component---src-pages-index-js":["546641dfde76ed00139ea2c3eae09499c5f2164a-1a3dffbaa3b6754bea4a.js","component---src-pages-index-js-992132acfba18d77ea3d.js"],"component---src-pages-pensieve-index-js":["546641dfde76ed00139ea2c3eae09499c5f2164a-1a3dffbaa3b6754bea4a.js","component---src-pages-pensieve-index-js-ec8b4e8bddaa76b64aeb.js"],"component---src-pages-pensieve-tags-js":["546641dfde76ed00139ea2c3eae09499c5f2164a-1a3dffbaa3b6754bea4a.js","component---src-pages-pensieve-tags-js-88669575029ad9b3153d.js"],"component---src-templates-post-js":["546641dfde76ed00139ea2c3eae09499c5f2164a-1a3dffbaa3b6754bea4a.js","component---src-templates-post-js-8ef13552bbfa6649e4b0.js"],"component---src-templates-tag-js":["546641dfde76ed00139ea2c3eae09499c5f2164a-1a3dffbaa3b6754bea4a.js","component---src-templates-tag-js-6168a2554ff5ae6f864d.js"]},"childAssetsByChunkName":{}}