{"data":{"jobs":{"edges":[{"node":{"frontmatter":{"title":"Founder and Developer","company":"Naveen Tech World","location":"Chennai, IN","range":"Jun 2015 - Jan 2018","url":"https://www.iamnaveenoff.in"},"html":"<ul>\n<li>Write modern, performant, maintainable code for a diverse array of client and internal projects</li>\n<li>Developed and maintained code for in-house and client websites primarily using HTML, CSS, Sass, JavaScript, and jQuery</li>\n<li>Clients included Maris Vijay, Trinity Waves, M-Muzik, JoelBose.com, JM Productions and more</li>\n</ul>"}},{"node":{"frontmatter":{"title":"Developer II","company":"Expeditors International","location":"Chennai, IN","range":"Jan 2018 - Present","url":"https://www.Expeditors.com/"},"html":"<ul>\n<li>Write modern, performant, maintainable code for a diverse array of client and internal projects</li>\n<li>Work with a variety of different languages, platforms, frameworks, and content management systems such as JavaScript, TypeScript, Angular, Spring Boot, Graphql</li>\n</ul>"}}]}}}